{"cameraMode":{"drawMode":0,"name":"Shaded","section":"Shading Mode"},"sceneLighting":false,"audioPlay":false,"sceneViewState":{"showFog":true,"showMaterialUpdate":false,"showSkybox":false,"showFlares":true,"showImageEffects":true,"showParticleSystems":true},"in2DMode":false,"pivot":{"x":2.5,"y":1.0399999618530274,"z":-4.96999979019165},"rotation":{"x":-0.09991248697042465,"y":0.8529200553894043,"z":-0.17726288735866548,"w":-0.48077327013015749},"size":1.2247449159622193,"orthographic":false}