{"cameraMode":{"drawMode":0,"name":"Shaded","section":"Shading Mode"},"sceneLighting":true,"audioPlay":false,"sceneViewState":{"showFog":true,"showMaterialUpdate":false,"showSkybox":true,"showFlares":true,"showImageEffects":true,"showParticleSystems":true},"in2DMode":false,"pivot":{"x":-1.856921911239624,"y":0.9621613621711731,"z":4.143808364868164},"rotation":{"x":-0.12453366816043854,"y":0.4855033755302429,"z":-0.07010331004858017,"w":-0.8624781966209412},"size":7.395992755889893,"orthographic":false}