{"cameraMode":{"drawMode":0,"name":"Shaded","section":"Shading Mode"},"sceneLighting":false,"audioPlay":false,"sceneViewState":{"showFog":true,"showMaterialUpdate":false,"showSkybox":false,"showFlares":true,"showImageEffects":true,"showParticleSystems":true},"in2DMode":false,"pivot":{"x":-61.11000061035156,"y":4.5,"z":27.31999969482422},"rotation":{"x":0.0020307786762714388,"y":0.9732764959335327,"z":-0.008150779642164708,"w":0.23042991757392884},"size":1.4444438219070435,"orthographic":false}