{"cameraMode":{"drawMode":0,"name":"Shaded","section":"Shading Mode"},"sceneLighting":false,"audioPlay":false,"sceneViewState":{"showFog":true,"showMaterialUpdate":false,"showSkybox":true,"showFlares":true,"showImageEffects":true,"showParticleSystems":true},"in2DMode":false,"pivot":{"x":-18.82501983642578,"y":45.382850646972659,"z":3.3166074752807619},"rotation":{"x":0.365317165851593,"y":0.6285039186477661,"z":-0.42844727635383608,"w":0.5370846390724182},"size":76.31456756591797,"orthographic":false}