{"cameraMode":{"drawMode":0,"name":"Shaded","section":"Shading Mode"},"sceneLighting":false,"audioPlay":false,"sceneViewState":{"showFog":true,"showMaterialUpdate":false,"showSkybox":false,"showFlares":true,"showImageEffects":true,"showParticleSystems":true},"in2DMode":false,"pivot":{"x":-0.07999998331069946,"y":4.21999979019165,"z":5.203000068664551},"rotation":{"x":-0.0003975428990088403,"y":0.8504230976104736,"z":-0.0008108433685265482,"w":-0.5265526175498962},"size":1.3388922214508057,"orthographic":false}