{"cameraMode":{"drawMode":0,"name":"Shaded","section":"Shading Mode"},"sceneLighting":false,"audioPlay":false,"sceneViewState":{"showFog":true,"showMaterialUpdate":false,"showSkybox":false,"showFlares":true,"showImageEffects":true,"showParticleSystems":true},"in2DMode":false,"pivot":{"x":-62.5099983215332,"y":3.609999895095825,"z":46.290000915527347},"rotation":{"x":0.03877332806587219,"y":0.33431604504585268,"z":0.013632390648126603,"w":-0.9418185949325562},"size":1.9426096677780152,"orthographic":false}